ATGCTGCCAGAAGGAAAAGGGGTGGAATTAATGAAACTGGAAGGTTGTGGTGCTGGTTTGAGGAGTAAAGTATGGGGGCCAAAGTTGGCTATATGCTGGATATGAAGAGGGGGTTAATTCCTTGCAGGTCTTCTTGAGATAGAAGTCCAGGCCCTGAGGTGGCAGGCAGCCTGATAGTGAACAGAACCCTTGTGCCCATA,1
GGCATTTTTTAACCTGTGTTTCATTTTCATCTGTGAAATGTGAATAAAAATAACTCTCTTACAGAGTTCCCGTAAAGATTAAATAAGTATGTAAAGCATCTGGGTCAGTGCCTATCATATAGTTGGCACCAAAATATTCTCCCCTCTCCCAGCTCCTGCAAAGGCACCCCAGCTCTTTGCAGCACTTAGGGCCTTTCTCA,1
GAAACCACAGAGCTGACCTGGCTTCAGAACAAGATGTGGGGCTCCAGGCACCCGGGAGACCAGTGACCCTGATTGGCAATAGCCGCAAGAAAGGGCTTGGAGACAGGGGCCAGGCGCGGTGGCTACCCCTGTAATCGCAGCACTTTGGGAGGTCAAGGCAGGTGGATCACTTGAGGTCAGGAGTTGGAGACCAGCCTGGC,1
TTTGCATAGGGGCATTACCACTGGACTTGGGCTCAGAGCAAGTGTTTATGAGATAAATGAGGTGCCGTCTCAGAATCACAGAGCACTCCTCTACCTTTGACCTTCTGCAGGCTTTCACTGGCTTCTAAGAGCCAAGAACCTTCTCCGCCCCCACCCAGCTCTCTCTCCCCTGCAATCTCTCCATGAACAGCATTGTTTTA,1
CGGGAGGCGGGGGTTGCAGTGAGCCAAGATCACACCACTGCACTCCAGCGTGGGCCACAGAGCGAGACTCCATCTCAAAAAAAAAAAAAAAATTAGCACATGAACATTTGTCCTAGAGAATGCGAGGTCATTCTGGTCTTGACTGTAGCCTTCCAATATTCTAGGTCTAAGCTCGAGTTGCTACCAAGTGTTCTGTGCAC,1
CCACAGGCGTGTACCACTACGCCCGGCTAATTTTGTAATATTTTGTACAGAGATGGGGTCTCATTATGCTGCTCAGGCTGGTGACAAACTCCTGGGCTCAAGCGACCCACCCACCTCGGCCCCCCAAAGTGGTGGGATCACAGACGTGAGCCAGCGCTCCCTGTCAGCGTTTCATTCCCTCTTCATATCACATCACTTGG,1
ACTTAGCACCTGTCAATCTCCTGTCCTCTGTGAAAGAGCCTGCATTTCTCCCTGTTGGGCCCGCCACTTCTCCAGGATTTTTTCAGTGCTGTCTGTCCAAGTCTTTCTTCTGCTGGAAGTGTGGGAATGGGAAGTCAGCTCTAGCCATGGCTACAAATAATTCACCTTTCCAGCAGCCTGCGGGTTTTCTTCTTACCGGT,1
AGCCTCTGCTGCTGCCCTAATTTTAAAACTGCCTTTTGGGAGTGTAAGTTTCCTCTGTTAAAGGTAGTTATTTCAAGGTAGGCCTCACCATCTCCTCCTCCTGGTGAGAAGCTCTGCCTGGAGGGCTGAGCACTGCCTCCCGCTCTGTGGGCCCCACCTGCCTTGGGTTGAGACCTATCTCTTCCTGGACTCTGTGTGGG,1
TTGGTCTGTTATCTTGTGTGGCCTCCAATAACCTTACAAGGTATTGTATTGTAATGTACAAAGCAGGTATTATCATCATTGTTTTGCCATCTTTCCACACAGCGGTTCTTCTGGATTTGTTCCTGATCTCAGAGGCATCTCTTCTGGGCAGTGGGGTGGTTAGAATTCTTAGCAACCAGTGGGCTCTTTGGCCTACTCAG,1
GGCACCGTCAGTCTGACAGCAGGGCTGGCTCCTGCAGTGTGAATGAAGCGGTCTTGTGCTCGACTGTGAAGGGGGGTTAGGACCTGCTTCCCAGGGCGGGTCCAGCTTTCTGAGGGAAAGCCTTCAGAGCCTCCATCAGGCCGGCACCAGGTACCAGTTAAGCACTGGGCAGGGAACAGAAGTGGTCAAACGCCGCTTGC,1
CGCGACTTGAAACTGCTGAATAAATGGATAATGTCAAGCGCTATGGCTTAGGGCAGTAGTACCTCCGGTTCCTACGATCGTGTCTGGGGTCCCTGAGGAGCAAGGCAAGAGTCGGCCATTCAGGAGGTCAGAGTTCAGCTGTTCTTGCACAAGCAGGGAAGCTGAGTCACCCCAAACACGGGCAAGACTAGCGGTGGTAT,1
CTGGGGAAGAGAGAATGTTCCGTGGTCTGGGACTGTGACAACGCAAAAGGCCCAAAAAGACAGCCTCATGTCTCGAACCCTAGTATAAGGAGAAGATTTTAGGAGAGTTCCACGTTAGGAGGAGAGGACTTAGGATGGGAGCTAGATAGAATGGAAAAGATTATAGTTCAGAGTTAAATTATAGGGGCTTGGAGACGAAG,1
TTCCCCAGGGACTGGGCCTAGCTCAATCGGGAAAAGTCAGCATCCAAAAGTCCTCAATGACGCAGAGGAAGCCAGGAGAAAACAGTCAATGGCTAGTCATCACTGATTCGTGGTCACAGGCGTTAGAACAGGAAGGATCTGCACAGATCAGCCTCTCCCACCCCTCACTTTCCTGATAAAGGAACTAAAGTCCGGAAAGT,1
TGTTCTAGACTTGAATAAAAAGATAGGTAGACTACGTCTAACCCTTCATCTTAAAATCTTTACCTGGAAAAGACCATGAGTAAAATACTTAAGGGAATGTGGAATTTCCCAGGCCACAAAGCGGCCTGCAGTTGTCTAGGAAGGGAGAGTCCTCTAGGAGATACAGTGTATGTGCTAAGTTTAATGACGTCTCCTCTTCA,1
TGAGCAATTTGCAGGGTGAGAACGGGAGCCTACGACTCCGCACCTGCACTGCCAGAGCCATAAATGCAGCAAATCATGGCCTATAAAATGTCACCACTGCTGAAGTGCAATTTTCCAGGGGTCTTCTGCAGAGGGAACTCCACCACGGAGAGCGACCCTCGGCTCTGCAGCCTAAGAGGAAGGCCCCTGCAGGGTGGGGG,1
TTCCCATAGCCCTTCACCTGAGGTGTGTGCCCCACTTTCCTTAGATTTGGGCTCTCATGCAAAAGGAAATAAACAAGGTATCCTCCCCTCAGGAAAGTTCAGTAACAAAGCAGTGAAACCGAACAGCTGCTCCCTTGCAGCAGGCCAGCTGTCTCCCCTCCCCCCATTTCCACCAAGGGCCGGAGACGGTGGGAACTGCT,1
AAACCAGCTCCTCCTACCAGACAAGAAAATTAACATTTTTTAGGGCACAGAACTGAAAGCATTTTTACTGAAATCTAATCCAGGATGAAACCTAACAGTTAAACATTCTTTTCCTTCTCTGCTTCTTTGGCTCTCTATCCCAGCACACCTTGTCCCAGGCTAACTTGAGTAAACATACACATGTGACCACATGAGGGCGG,1
CTTCTCACTTGATGGAATTTCTAACCCTTCACCCAAAAGAGGAGAAATCCCTTCTACAGTGACACCTCTATCCCTCAAGCTACAAAGAAAATGTCCTTTCTTACATTTGGAAGTGGAGGGCAGTTCTTCCTAGATGTAGAGGTTATGAGGTCTCAGGGCAGCCCTGTACCCCAATACAGACATCTGTCTTCCAGGTGGTG,1
TTTTGGGAACCTGGGCCAGGGGAGGGAAATGAGGGGGATAAAATGACAGGTTTTTTTTGACTTAAATCTTAAAAGTTTTGTCACAGTTGCCCTTACTAGAGAAGTAAGAGGCCTGCCAGGAGTGGGTCACCAGGTGGCAGCCCATGGCTCAAGAGTGGGGGCTCCTGAGGGCTCTTGTGGTGAACTGATGCCCCTTTTTG,1
TGTATGCTAGCATGGAAGGGAATTGTTTCTTCGGTTGAGTGCCTAAAGTGCTTGATGGCCTTTCAGATGGATCATGTCATACAGAAAGGAAGTATCTTAAAACACTACAATCTAGTTTAAGACATAAAACAGTAGAATCGCTGTCAGCGTCACAAGATACAAACGAAGGGCTCAGAACTGGGACCAAGAGAACATAGTCT,1
ATTTGTTCAGGCCCCTTTTCCAAGTTCCCAGGGAAGTTACTGACACTGATGTTGGTTTCTTTTAAGAATGACTCATGATTTTTCGAGCCTGGTTTCCACTCTTAGTCATCTTCCCTGCCTGAGTTAAAACAGGCTTTAGGCTCTCACTGAATTCCAGCCTTGACAGAACCCCCCACCCCCACCCCTGGGCTTTTGATTCC,1
TCACTGGAGAAGAGTCATCACGTCTTTTGTGCTGCAGTAATCTGAACGAAGCCAGTTTAAATAATCACAATGTGGCCAGCAAACAACTGGCAGTCCCTGTGGTCATTCAGGTCATTTCCTGTGTATGTCACTAACCCAAAAGGAGAGGCAATTAATCAATCACCTGAATATTTAATAAGTGCCTGCATTCTGTTGGGCAC,1
TTGGTGCGTTTTTACAGAGCACTGATTGGTGCATTTTACAAACCTCTAGATACAGAAAAGTTCTCTAGGTCCCCATTCGACCCATCAACTCCAGCTGGCTTCACCTCTCAGGGCTATGAGACTTCCGTCCCTTCTTGCGGGTCTTTCAATAAGTCCCTTTCCTCTCTTAGCTAGGGTTCTCCAAAAACCACGAAGAGGAA,1
CAATGTGGTAAAACCCTGTCTCTACTAAAAATACAAAAAAAAAAAAAAAAAATTAGCCAATGTGGTGGTGTAAGCCTATAGTCCCAGCTACTCGGGAGGCTGAGGCAGGAAAATCACTTGAACCCAGGAGGGAGGGTGCAGTGAGCAGAGATCACACCACTGCACTCCAGCCTGGGCAACAGAGTGAGACTCCATCAAAA,1
ACTTGTTTTGATCTAGAGAAATCTGCTGACACCGGCCTTCCTGCTCTCACCCTCCAGCTGGGCAGAGGTATTTTTAGACTTATTTGTAGAGGAAGAGAGCAGAACCCAGGCCCAATGTGTACCCTCCTTACTGTGGGCACAGCTTTGGCCCCTTAAGGCAGGACAGAGATATCCATGTGGTTGTCTACCCTCAGCTCATC,1
TCTGGGCACTGTCACCAACCCCCGGACTTCCCAGTTTGTGACCTCTCCCAGCAGACCCTGTGCCTTGGTGCCCAGAGGTCTGGCTGCTGGAATGCCCCTGAATGGAGGCACCCTTGCAGTGCTGCACAATGTCCTCAGCAGCTACACAGTACCGCCTGGGCCGCTGGCCTTGTTTCAGCTGCGGGATGAGTCAGTGCGAG,1
CCTCAACATTCTAGTTTGATCGCTTTTGGGCTGTTTCCCTTGAAAACACGTGCCCCAGCAAGGATTGAAAAACTACCTATTGGTACTATGCTCACTACCTGGGTGACAGGTTCAGTCATACCCCAAACTTCACCATTACACAATATACCCTTGTAACAAACCTGCATATGTACCCCCTGAATCTAAAATAAAAGTTGAAA,1
ATGTCCCGGCATGTCTGAGCAGGAGGAATTCCGGGCGGCCAAAGGGTTTTATGTAGATTGCTTTTGGACACTCGCCCAGGAGTCAGGAGTTGATTTTTATCTCACTTCCTGGTAACCTTGAACTTACCAGGCAGGGATGAGATGACGTAAACTTCCTCAGATGATGTAAGTTCAGCCACATCTTGCTGCCCATTAGGGAG,1
AGAGGACGACCCCCACAGTGAAAGTAATTGAGTGAAATGCACGTTCTGGAAATCAGTTTCTATTTTGGCCTGGAGGAATGTGGCTATACTGCTTCCCTGAGTGTGACACAGTTGGAATCTAATCTTGTTGGTTTCCCAACATCTAGGTTTTTGTTTGTTTGTTTGTTTTTATGATAGGGTCTTGTTCTGTTGACCAGGCT,1
CTTAACCCACCCAAATGGCTTTTTGTTTGTTTGTTTGTTTGTTTGAGACGGAATCTCGCTCTTTAGCCAGGGTGGAAGGCAGTGGCGTGATCTCAGCTCACTGCAACCTCTGCCTCCTGGGTTCAAGCGATTCTCCTGCCTCAGACTCCCAAGTAGCTGTGATTACAGGCACATGCCACCAAGCCCAGCTAATTTTTGTA,1
ACTTGGCTATCTTTTTGAAAGATCAAAGTTTAAACCAGATGATCTGTAGTCCCCCACCCCCACCCTGAAACCTGAGCTTAGCTGTAAGCATTGAAAGTAAATGGGGTGTTTGTAGCTCACCCTCCCTGTTCTCCAGGTGAAGGGCCCCGTGTGCCTGATCATTTCATAGCAAAATGCTAGATGGGGCCAGAGGAGGCCCC,1
TGCAACATCCATTAATTTGATTTTTAACTAATACTGGTACATCAGTCTGGGGGGAAAAAAGGCAGTACTGTGACATTTCAAAAACAGATTACCAAAATACAGTTTTTGACTTAATTACTGGGGCTTCTAGGTCTTAATGGATGAGATTTCTTTGAGAATGGAAAACAATAAACCGTTGTGTTGACATGCCTGTGAGCTTT,1
TCCAGAGATCCTGATAGGACACCCTGCCCTCAGAGTCATTAGAGACGAAGGTCATTATGGGAATGGGGGAATGACATCACTGTATAATTCTTTTTCCAACTTCTCAAGGAAGGTAGAGATAAAAAGTTTGCTGACCTGCCCATCTCCCTCCTCACCCCTCAGGCCTATGAGCTGTCCACGCTGACAGGGACACAGGTGCT,1
CTAGAACGTGACCTGAATGTGAACTAGACATTCGTTTTCCTAAACCCCATGAGACCCAGGTATTCTTGACATGTGTAGAGAGGATTGAAGGGGCCCGAGGCTGTCTGTCCTCTCTCCGTGGGCCTGGCTCTCCTTGGACCAAATCGAATGCATGGGAACACACCCCCCAGTTGTCTTTTTCCTTCGGTTTATATAATTCC,1
AGGTATCAGGGAAATAGCGAGGGAGAGGTAGAATCTTTGTTGGACAGTGTCCCTGGGTTGCCAGATATGAGGGTAGAGCCTTGAGAAGTCAGTGAAGAGTTGTCAGTGTCCCTTCCCCCCAGGGAATGTGGACTCTGGCTGTCCTTGGGTGGTTTCCATGAGCGTGGCCAAGACTGGGAGCAGACTCAGAAAATCTACAA,1
CTGCCCTCCTGGAGGAGAGAGCCTGGGGTGATTCTGAGTGAAGCGAGTGGTCCAAGACAAGGCCCCCAGGGACCAGAGTGGGCTTTGTCTCTGTTGGGTGCCTCGGGCTCTTGCCTGGCTGTGGTGGAGCCTGGGAGAGAAGAGGAGGGGAGGGAGGAGCCTGTTGTCCTTGCTCCTGAACATGGGTGTTTGGATGGGCT,1
CCTGATCCTTCTGGGGACGTGCAAGCAACAACAGAACATCCAGAGCTCTCTACCCAGAGCAAACCCCGCCTCAGGACCAAGGCCGCCTCCTTCCTGGAGAGGAAGATGGAGAAATAACACAGCCTTCCCGCTTCCCTCCAACTCATTCCTGGTAGCAGACGCGCTGGGTGGCAAGGCTACCCAGACACAAGGCTCACCAG,1
AATATGGTGGTTCAAAATTAGTATTTTTCCTCTTTGTAGGGGAAATCACCCAAAAGTAACAATCAGAACTGTTACCACCTGACTGGTTCTTGCCCACTGCACAGATAAAACCAAAACACTGAGCCAGCAGGAGTTGCAGCAGAGAAAGAGTTTGATTATTGCAAGGCAATAGAGTGAGGAGGACGGGATACATTTCCCAG,1
CTCACTGTCATCAAAAATAGCCCCGGGGTACATTGGGAAGTTCCTTCTGCCAGGACTTTGTGCTCCATTGTTAACTGGGGGTGAGCAGGGTGCCCACCCCACCCCTCCCAGCAAAACTGTGGATAACACAGTCACTAGGAGAAAATGAAAAGGCCCTTCTGTGGCACTTCATGTGGTAATGAGGCCAGGCCGTGCTCGTG,1
CCTGCGGTATTTTTTTTCCTTGTCATGCACTAGTAGAAATATTTGGCTTTGTTTCTTTGTTTTTTGAAACAGTATCTCGCTCTGTCATGCAGTGGTATGATCACGGCTCACTCTGCAGCCTGGATGTTCCGGATCAGGTGATCCTCCCACCTCAGCCTTCTGTGTAGGTAGGACTACAGGTATGCGCCACCACACCTAAT,1
TGTAAAGAACAAAGGGAGCTAAGTCAAACTGAAGTCACACAGGGCTGCTGATGAGGAGAAAATGCCAGTCAATTGTGTTTTTCATTCCTCTTTTAAAAAGGAAGAAGAAACAAGTTTCCCAATCTGTCCCTTAAAGTAAAGCAGACTGAGACAAAGGTTACCAACAATAGTCTTTGTGATACCGTCACACAGTCCCCAAA,1
AGCCCTCGCTAACACTGTGCTGTGTCTGAAGATCATGCTGACCCCACAAACGGATGGGCCTGGGGGCCACTTTGCACAGGGTTCTCCAGAGCCCTGCCCATCCTGCCTCCACCACTTCCTGTTTTTCCCACAGGGCCCCAAGAAAAATTCTCCACTGTCACTCTGTGGTATGGCCATAAATGCCTCAGCGCCGCCTCACT,1
TTCAAGCCCAACCAGAACCCAAGTTAAAGCTGGTTAGAGAACAAGAGACATGAGGCTGTCTCCAGAGTACCGTCTGGGAGGAAAGAAGGCAAAGAAAGACTGTCCAGGCAGGTGGAAGGGAAAGAAATTGGGCAGGGAGAGTGGGGCAGGTGGACACGATGGGTCATGGCTGGATTTCAGGCAGAGTTAGGGGTGTGGGA,1
AAGGATCCAGCAAGCCATGGAGAGCCCAGCGGGGATGGGAAGGGCAAGAGCCCTTGCTGCAGTGACTCAGGCCTCCCTGGGGCAGGGCGGGGGACAGAAAGAACTCCAGATGTGCTTCCCCTTTCCTGCCTCACATCTGCCGTTAGAAACTTCCACTGTTAACCTCTCCCCTACCCACCACAGCAGAGAAGCCCTTGCAT,1
TCTTCTGCAGCAGAGGCAGGAGTCTGGAGGCTGGGATGGTATCAGAAAGGGCCTCCCTGGGTATTGGAGGCAGTGAAGATGAAGGGCGAGAATCCATTGGCCGTGCCAGTACGCCATGGGGGCGGTTGGGAGATCTTGTAGAACAACTGTTCGAGCCCGCTTGTCCACTCATTACTCTGGAATCCGAGTCCCAGCAGGGG,1
ACCCGGCACCTAAGGAGGCCTGCCCGGTGCAGACTCTCCTGCTCCCACCGGCGCCCTTCCCTCTAGAGACGCTGAGAGAACGGGAGCTAGTAGCGCCCCCACCCAACGCCACCTCGGAGACTCCGGCTCCTTCTCTCTCAACTTCGAACAATACAAAGTGTGCTAGGAGAAGACAAGATGGCGCCCAGCAGGAGGAGCGG,1
TCATCTCAGGAACCAAGAGCAGCGGCTTTCATGTGAAGTGAATGGTGCCGCCTGGGGATGTATCTTTGGTAAGCAAGATTGCAACACAGCAGGGAGTTTACCCAGGGCAGTGCTGACTCACGCTGGGCAAAATTTGTACTTCCCAAACAACTCAGCCTGAACCAACCGCAGTCAACTGCAACCTAGGAAAGAAGAGGCAG,1
CTCTTTCCACGACATAGGCATTCCCTTCAAAGAATGTAGGTCATAGAAATGGAATTCTGCCATTCTATAAGCCTTAGAGGGGTGGTGAAAGTATTGGCTTTTAACTCTTTCCATACTCTTAGCCAGAAGGCAAAAAGAATGGTCATTATCTCATTAGGGACAGAATTGCTTAGGGAGGCCCGACACTGTGGCTCAATCCG,1
TGCCCGCTCCCATTTCTCAACACCGTGCCCCATGCAAAGCCTCATACTAGAAGAGAAACTGAGGCACAGAGGTTGGTTCTAGGACTGACAGTGCCCTTGGTAACCCCAGGAGAGGCTGGTGGAGACCTTCTGGATATCTCTACCCTCTGTCCCCTTCTGGGGCCTCATCCCTATCTGGGGCAGACTGGGCAGGAGGGAGA,1
AGGTGCCAACTGTTTGCTCATTCTCTTTGACCCACTAGCCTTGCAGTTTGCTGTGTGGGTGTTGATACTCCTAAATTAAAGCAGGGAAGGGGTGGTTTTAGATGGCTTTTAACACCTGCTCTCCACCCAAGCACCCTGGATTCATTTGATATCTGGATTCTAATTCTGTAGTCAGGAGACTGGCCCAAACTGTGGCCCAG,1
GGAGGATCTTTCTGTGAACTTGCTTTGATGACCTCCACCCAAAGCCCTTTGAGGAACAGTTTTGTTTATTCAAGGAGCCCTTGGCAGGTCACTCCTCCCCTACCACAAATCTAATCCAAATGCGACATTTTCCTTTGAGGCCATCTATCCCTTTTGGGGGACAAAACACATCAGCTTTTCCCTTCAGACCACTTTTGACT,1
GGGCCCCGAGGATTCCCAGGCAAAATCAACAGAGTTTAGTTTTGCTTTGCTTTGGAAGGCCAAGCCAACGATATATATGTGCGAGGAATTCTCTCCTTTCTTAGGAAGAAAAAGCAAGAACAGTGGATATGACCCTACGTTCCTGGATGTAGAAATCAAATAGCCTAGGAAATCAGGGATACGGGCTCTGCACTGTTCAG,1
GGAGTACAGTAGTGTGATCATGGATCACTGCAGCCTCTACCTCCTGGGCTCAAGTGATCCTCCCATCTCAGCCTCCTGAGTAGCTGGGACTACAGGCATGCACCACCACACCTGGCTAATTTTTAAATTTTTTATACAGACAGGGTTTCACCATGTTGCCCAGGCTGGTCTCGAACTCCTGGACTCAAACTGATCCTCCT,1
CTTGTCACCCTCAGGCACCTGGCTGCGAAGTAATAAAACGGTTGCCTTATCATCTAAAGGTGGAGTGAGTCAAACCTCAGCCCAGGGTAATTATAGTAAACTGAAATTGCCTGTCCTTTACAAAAAAAAAGGCGGAGGGAGAGAGAAAGGAAAAGGGCTTAAGGCAGGAAATTGTGTTTGTCTTTCTCCTTGGATTTAAA,1
AAACAAACAGAGAGACTGCCCTTTCTGTAAACTCACCGAATGTCAAATATTGTTCACTCGCATGGCATTGGCTTACTAAGCCACTACAGAGCCACTTCCCTCACGTAATCCCCTCAATCCAAAGGCACTTCAACTTGAAGAGGATCAACTGAAATAATACACATTTCCTCTGATGATTGGACAAGAGGCAGCCGATGGAA,1
TCTTAACATCACATGCATTTTGTAGTTTATGGTCTCCAGTCTCCAGCTGTTTTTGGAGCACCTTCTAACTTTGAGAGGGTGAGCTCTAGCCTGTAAAATGGACTGTGGGTGGCTCGTGGAGAAGGTGCCCTGGTGTGCTTTTCTGTGTCCTCTCTGGATTCTCCCTGAGCTGTCCACCTCTGAAGCCTGCTTCACCTTCA,1
AGGCTCAGATACGCACTGCGGCTCTGCCTAAGGGATCGCCACAGAAAGAGAACTTAAGGTGAGGAGGTTATGACCTCCAAGCCTACAGACAGGGAAACAGAGACACAGGGAAGCTACGGTCATGCTGCAGGTTCTAGTGATGAACAATCCCCTCCAAATCTGCAGAGCGGGAATGAAATGAGAAATTACCTCCTCCCTGA,1
TCAAGGCCCCAAGGGTATTTAAATGGGCTTTAAACCCATTTAAACCTGGCTTTCGCCTGGGCATTTTGGTCTCCACCCCTATGATAAGACAGTCCCCTCCTTTTATCAGGGATAGAAGCTAAGGATAAACTGTATCATCATCTAGACTCAAGTCAGGGCGTTAAGCAATGTGCTGAGCAGCTAATAATGTTGACTCTCTT,1
ACTGTGGGGACCCAAATTATCCCTTGATACTGCCCCCCTATTATCCACTATTAAGCTTTAAAAAGGCGAGAGATTAAATATTGTGCCCACATTTTACAGTCATTCGCGTTCCCGTTTCAAATTAAAGGGAGGAAAACGCGTTAAAATTAGGCCTCCGACCTTCAGACCAGCCTGTGGGCTTTTTTAAGTCATAAAACTCG,1
GGATGCTTGTCTAGGCGGCAGATACCTGCCCAGCCAGTATGCTACGCATGCTTGAATCCAGCAGCAGGCACCCAGACACCGTTAGTCCATGTACAACTGGGAATTGTTGTGTTGTTTACAGACTAAAGGATTAAACAGACCCTACAAAAATGAAGAATGACAGAATTCCATTATCTCTCCATACAGCACTCTTCCCCATC,1
GACATGAATTTGAATTCTGGCTTTGTTACTTAGAAGCCGTGTGGCCACCGGCAAGTTACTTCGCCTGTTCTGAGCTAGTTCATTTATAAAATAAAGACACCTCCCAAATGTCTGTATTTCACAGCCGATGCGATCAGCTCTGAATCCGATCGCATGCGACAATTTGCACAAGACACTCAGCAGTGAATCTTGTAGTTAAG,1
CAAATCAAGTCTGATGGATTCCAAAAAACTTGGCTTTGAATCCCTGCTGCATCACTTACAAGCTGGGTGACTATGTGCAAATTGCCCAATCTTCCCCTTCTGTCCAAACAGGGATAACGCTTGGGGGATCACTGTGAGGACTCGGAGTTATAGAAACAGCTTTTTGCAAGACCCAGCGAGCACTCATACTCATCTCAGTT,1
TTAGGTAGGATGAACAACTGTCCCTATTTTAGCATTAAAAGTCCCTTATCTGGCCAGGCACGGTGGCTCACGCCTGTAATCCCAGCACTTTGGGAGGCCGAGGCAGGCGGATCACGAGGCCAGGAGACCGAGACCATCCTGGCTAACACGGTGAAACCCCGTCTCTACTTAAAAAAAAACAGAAAACAAAAAACAAAAAA,1
GACTGCCTAGGTCCTCCCTCACTTCTTCTCCTGACCTTGGGGTGTGGCTCCCACTCTCTCCCAGTGTCCTCAGGGTTAATAACTATGTGCCACCAGATAGAGAGTTAAGGGGCTGCTGAATTGGCTTCTTGTGAAGGGAATCCCCTAAATGTCCCTCGTTTTGGTCACTGGCCTCCCTCCCGCCCCCTTCAGGACATTCT,1
ACTGGGCAGAAGGTGATTCCAGGAGCAAAGCTGAGGTCATACCAGATCTTTGCTTGTTTGGCTCCATTTTCATGCAATGAAGAAGCTGTCTGAAGTGTATGGATCATATTCCTGATGTCTTTGTTCTGTCTCAGATATTAACAGCCCATAATGTCAGAGGCCTGTGAACCAGAGCAACTCCATTTTAAAAAGGAGCTGGG,1
ATGCACCCCTCCTCCCACCCACGTGGTCCCTGGCCCTGCCTCTGCCGCCAGCCTGGGGGAGAGCAGGGTCTTTGTTCCCTGCTGGCCAGGCCGCCACGTGATGCGCCACATCACTGTCACTGCCTGGAACGAAGACTGCCATGGACAGCCGAGGCGCTGGGGCCTGGGGGTGAGGCCAGTTGGAGGAGCTCCACCTGCAG,1
ATAGGTCACCCTCTCCATTCCCCCATTCTCAGGAACCTCCTTGCCTACTCCAGTGCTTGGCAAATTTCAGTTTATAGAGAGGTTTCTCTCTAAGGTTCATCCATGTTCCTTCTGTAGTTCTGCTTTATCAGTTGGTGAGCAGGTCACTCATAATTCCTCCAATTTCCTTGTTTCCCTTTTCTACCTGCTTACCTCTGGGA,1
GGGAGGCTGATGAGGGTCAGAGACTTAAGAGACCTGTACTCAGTCGCTATCTCTGCCCAAGTGAGTACCCACATGCCCCTTCCTGAATCTTCTCCTGTACTGGCTGATTTCCAGAGAAGAATACAAACTCGAAACGCCAAGCCAGACTCCCACTGCTGTTCAGGACCTAGACGTGAGAAGTGGTATCACATACTCTGGCT,1
CCCACCCCCATCTAGAGGCCAACGGCCCAGCCTTCCTGGGGCCACAACCCTCTCGTCTTGAGGCTCCTCCTCCTGCTTGTGGGTACTGGCCCTAGCCCAAGTGCAAGCACTGCTTCAAACAACAACCTGGCCACCCTTACTCTGCACCGCGTGGCGAGGGCTGGAGGCAGGATGTGCAGATGACTCACTCTTCCTGCAGG,1
CCCTGGGGTGCGCGCGCACACAGGCGCGCCCTTGGATTCACGTGTGCCAGTTTTCCCACTTTCTACGGGGCGGGGTGGAAAGTGAAAATAGTCAGATCGACAGGTGGATATCCACCTTCCCAACCTCCACCTGAAATGTGCCCATCGAGTCCTAGCACCTTTTACCATTTCTTCCCAATGAAAAAAACTAAACGATGGAA,1
ATCTGGGGTAGGAGGCAAGCGTGGGTAACGCTCAGCTTATTGTTGGATCTCACCACAGTGAAAGACAAGCACTTCCCTCATTGAAAGTTGATTTTCTTTTTGCCCCAGTTGTAACTCATTTGACATTCACTAAATACCAAGCCCTCCCTATCTGGCAGGCACTGTTCTAAGAGCTCAAAGTCCTAGCCTGGGAGAGTGTG,1
CAAACAAGCAAAAAGAAAAAAAAGGTGTGACCAGTCAGTCTTCTTTGCTTTTCCATCTTAAGACACATAGAAGTGACTGAGAAGGAATAGTTATGCAATGACATCGGTTTAATAATCAGTTCAACTGAAGAATGTATGTAAATAAGGGCAGTGATACCTAACGCTGATAGTTGATAGTGTGGATTGCATAATTCAGACTG,1
CCGTCTCTTCCTTGGGGAAACTGAGGCCCAGGTTGCTGGGGTGGAGGGGATGTGGAGTGACAGGGCAGGGCAATGGCTCCTCGGCCCCCTCCGGGAACAAAGCCAGGTCATTCCTGTGGGGAGGGAGCGCCAACCCCAGGGTTGGGGGGGGCACGGGCCCTGGGTCAGGGGTACAGATAAGCCTGGGCTCCCAGAACCCT,1
AAGGAATGACCGCCAAGGTGACAGCAGCGCTTAGCCAACCCTGGCGCTGACACCTGACTTGCAAACTGCTCCCTGCCTGAGGCTTCAAGGCAGGCGAGAGGCTTTGTGTGTGTGACTTCCTCCCCGAAGGGACACTGGCAACAGCTGGAGACATTTCCTGTTGTTAAGGCTGAGGGGGAGCTGCTGGCATTTGGTGGGTG,1
AGTCACATTACTCCGTGTTATGGTACCCATCCCTGTCTCCTTAGCTTGTTTTTGTCTGTATTGGCTCTTCCACTAGACTGTAAGTTGCATGAGGGCAGGGATGTCTGTTTAATCCCAGTGCTCAGGATAGTGTATGGCTCGTGATAGATGCCTAGTACATTTTAAAATGAGAACGAATGAAGTTTGGGAGAGGCTCAGAG,1
TAGAATCTGGTTTGACTTGATAGCTATCCACGGAGACCTGGAAATAGTTTCATTAGCAATTTTCACCAGAGGTATTTACTGTAACTGGATCTGACCTCTATGGAGAGATGTTTCTACAGGCCCAATAGCCATAAAAATGTAACAAAAGGAAGTGAAGGACCCTCAGACAGCCATTTCTCTCCCATCAGGGAAGAAGGTAA,1
TTGATCAGGGTGAAGCAGTCACATGATCTCTCCTGTCCTCTTTCCTCATTCTGGTTTCCTAAAGTGGTCAGAGGTCTCTGCAAAATAAGCTAAAGGGAGGGTTCTGCTGGGTGGGTGGCTTCGGCTTCTGTGCAGCGCTCACCCTGCTCTCCCCTGGAACGCCTGGAACTAGGGTGGTCAGGCTGGGGTGGAGGAGCTCC,1
TTCCGCATCTCTTTCAATACCACTGCAACTCCTTGAGTAAGGTGGGCACCACACAGAAGAAGGGGGATGGCAGAGGGGCAGTGAGAGGTCCCCAGGGAAACACCCTCTTCTTCTTCCCTGCTTCTCTGACAGAGCACGGCCATGCCTCTGCCATGCAGGAGGGTGATGTCCTTTGGGGAGGCCTTGTTGAATCTGTCTGG,1
TTGGCCTCGGGCTTCCTCTCCCCTGCTGCTGAGGCCTTCAGTCAGGGGCTGGCATCTGGGAGAACCTTGAAACTGTTTCCCATCCCCTTTGGCAGCAAGCAACAAGCACCAAAACGCTCCAGTTAACACCAGTGCAATCATCGTTAACGTGAAACAGCTGCCCGAGGCCTGGCGTATCCACCAGACCGCCCCCTCCCCTC,1
CTACAGCTTCCCAGAGTCCTGTGGACAATGACTGGGGAGACAAACCATGCAGGAAACATATCTAGTATACTAGATTTTAAGTTGAAGTAGGATCTTCAGGAGTCTAATCATTATTTCTTTTCTTTTAGGAGAGAAGACGATCTGCACTTCGCATTTTGGCATTGACATTTAATTTTAGGGTCCTTTATATAGAAGGGAGA,1
CTCATCCCCCCACCCCCGCTGTGTCACACCAGCTTGGACAGCCTTGGCCTGTAACATCTGCAGCAGCTGTGGCGGCACAGATGGCCAGATGTCAGGTTTTGCCAGCAATGGGGAGAAAAAAGGAAAATGAAGTGTCGGGGGAGGCAGAGGGGAACTGGAGACAGACTGGGAGTGCAGTGTACCCCCTGCCACCTCCTGCT,1
CTGGTATTGCCTCACCTCTTCTCGCCGCGAGCATTGACAGAAGATCTAGTTGAGTCCTACTTTGAAAGGAGTATTGCTTCTGACTGTGGAATTGGATTCTAGCTGTGTGTGTGTTATATCCTGTTACTGTTGAGACACAGAGGCGGGAGTCGGCGGGGGAAGATATGTGCTGAGATTAGTCAGCCTGCCCTCCCTCTCCC,1
TCTCAGAGAAGGCTATGGTCAGAAAATGGAAAAGGAAACAAGCCACAGGCTCATCTTCAGATGAGGACTCTGCACAGGGCTTGACCTTTCAATCGAAGAACAACCACAGTAGTATTCTGAGATGGCCAAGTGTATGGGAAAGTGACTGCTTCTCTCCCACTCCAATGTCTACTGTAAGTCTTGTTCAGCCCCGAGACAGA,1
ATCTTCACCTTATTCATCCATCCAGTCAGTCACGCCACCCAATAGCTGTTGCTCAATACTTATTACACGAATGAAATCTAAGGCCCACCACATGATCCTCTGGGTGTCTCTCCTGGAATCCTCACTATAATACTTTGAGATAGATAAGAAACCAAAGTTGACAAAAATTATGTCATTGCCACAGGGCAGTTTTGTGTCCT,1
GCCCCTGAGGAGGTGGACATTTAGGCTGAATGGAGGACAGGGAGGTAGCAGGACCTGCTGTCTCCAGGACCCCTAAGTTTCTAGGCCAGAGCTGACGGCTGGTGGGTGCAGTCAGCCAGGCTCCAGGGAAGGCTGCTCCAGGCAGGGCTGAGTCTTCACGGTTCAGCTTTTAGAACTGGCCAGGTTGGAATTCTGGCTGG,1
GAGTGGCTCTTGGGTCCAAAGGGCTTCCCCTTGGCCAAGTCCCACCCCAAAGCCCAGGAAGTCCACAGCTTGGCGCCCAGTCAAGGCAAAAACATTCCTCAGGACTCTGACAGGCTGGGGGATGGTTCCCACCACGAGGATGGGGGAGGGGAAGGAAACACGCGGGGGAGGAAATGACCACAAAGAAGGGGGTGAGGGTA,1
CCCCTCACCCCACCCGCCACACCTGCCAACTTCCCGGCCTGCAGGGTGGCAGGAAGCCTGAGGCATTATTCAGCTTCCTTAGGGCCCGTTGGCTGATGCAACACAGCTCAGAAGTTGAGTCCAAGCACCAAGCCCGCAATGTCTGCGTCGGCCGCCAGGGGTCACTCCTCCCGCGCAGAAGGCGGCCTTGGAGCCTCGCA,1
CTTCCCAGCGTCCCAAGCACTAGAACACCCTCCCCTCCCAGGTGTGACAGCCAAACCTCTCCAGATATTGTAGGAGTGGGGGCAAGTCCCCCAGGGAGGGAGAACCACGGAGTTAAGCCCCCTCCTCAAGAAAACCTTCCAGCTCGCAGTACCCCGAATCCCTGTGCCTCTCCATCCTGTCTCGCTGGACTGAACCTCAC,1
GTCCCAGCCCTGCTGACTCATACTCAGCTGCCACGGTCCGCTTTCCCTGCTGAGCACGGGGGTGGGGGCGGGGGGGAAGAGGGGGAGGGAAGGGCACCTGACCGAGGCCAGAGGCCCAGAAAGGACAGAAGGTCATGGCTGGGGAGAAGCAGGCAGGAGAACCGAGTCTTGGCCTTAACTGGCTGGCAACGTAAAACCTG,1
GAGTGCAGGCTCTTCCCCTTGGGGAGAACCCAGTTCTTTGACGTATAATCTGAGTGGTTTGGGTTGGTTGGTTGGTTGGTTGGTTGGTTTCCCATGTGTGGGATGGCTCCGGAAGTCTGTTTGAGAACAGAGGCAGGCTCAGATGGGAGCAGCTCCTACCCCGGGCCGCCTATCCCCCTTTACCCTGGGGTTTCTTTTAG,1
TCAAAGCAATTAAACAACCGGTAGAGCACCGTCCTGGAGGGCTCCTCCCCCAGATCTGAAGGCATCCACAGAATGTCCCTGGATCAGAGAACCCTCTGCTGACACAAACACACTCCCCTACTCCCTTCTTCCCTGTTACAGATTGAATTGTGTCCCTCCCAAAAATATCCATTATGTTGGAGCCCTAACTCCCAGTACCG,1
TTCTCTGGTAGGGGTAGCCTTCTGCAGAGGCTGGCTAGCAGACCAGGCACCTCTCCCAGACTGCCTTTTGTTTATAGCTGGCAACAACCCACCTGGTATTAGGACCACTGGCCAAAGACAATAGTCAGGCAAAGTGGGCAAGCAGCCTCAATCCCTACTTGGAGATGCCTCAGAGGGTGTGTCTGCAGTACTGGAATCCT,1
AGAAACCTGGAACTAAGCCCAGAGAGGTGAAGTGAGCTGCCCAAGGTCACACAGCTGGGAAGTGCCAGAGATCAGATGTCCACCCCGTTAGCACTTCACATCCCTAAACTCTGTACCTTCTCCTGGCTCTAAAGAAAGAAGCAAAAGCAAAGCCGAACCAAGCACAGCAGAAACAATGAGGCTGAAACCTACGAACAGCA,1
CCCTCCATCCCCCTATCTTGTAAGAAATAGTATACCCACTTTACAGATTAGGGACTTGACGATAGGATTTATTGAACTTGACCTTGGTAAACATAATCCAGAGGGTGGAGTTCAGACAAAATCCCTTTCTACCTACCAACCAGCCTATGAAAGATCTTTTAGTAAATGGGACCTAAACTTCAGGCTCACTGCTCCTCTCA,1
AATGAATGTGGCTTACCCCCAACATTCCAGCTGATCAAAAGTACTTGTTTAGAAAAATAAGTTTAGGAATGAAGTGGAAACAAGGCCTTTGAAATGCAGCTTAACCTAAATAGCACATTTTAGACTTTTCCTCCCCACTGCACATTCTTTATGGTGTAGGGGCCAGGGAGCCTGCAGTCTTCACCCCTCCTGAGCCCTCC,1
CCTCCTGATCCAGAAAACAGTGGAATGCTAGAGAGGTGCTGGACTAATGAATGGTAGAAGAGGCCAGTGTGAGAGGTTGGGCCTTCCCTCCCGGGGAATCAGCCAAGCAATGGGAACTTCAGAGGCTCAGCTTAGGTTCAAGCAGGAAGGAAATCCTGCAAGCTGGACACAGCCAGTCTTCCCTAGCTAGACCCTCTGCC,1
CCAGGGCATGAGGCCACCAGGGGCCAGGGTCTTTAGAGCTGGAACTCCTGGGCTGGGGGCTATGGTGTAGAGAAGATACTCCTCTTTCTCAGCCCCCTTCCTGCCACTCAGGCCCAGGTTTCCTCTGGCCCAACATCTGAGGATTGCCTGGGCTGTCAGCCACGGGGCAGCAGGGGGCCACACAGGTGGAATGCGTCCAC,1
TGGAAAAACCTGCCTGTGTGTTGTGCCAAGTTGTGTTAGCCACTCCATGTTATTCTTAGATGGGCTCTGGAGTATGACCAGCCTGTGTGCATGCATTTGTAGTAGGCACTGGATAAGAACTGGAGTAATGACTACAGAAGTGAACGGTCACAGCTCTAACCTGCTGAGTCATCTCAGCTCAGCCTTGCTAGCAAGGCCTC,1
ACAAAGGGAAGAACCAAAAGAGAAACTGCAACTCAGCCACACACTGGTTTCTGTAACTGGAGAACAGGATATTTAGGGGGACTTGCTCTGCACAGACATACCTTTCAAAGTGGCATCTCCAGAGTCTGGAAGAGGAGGGAGTATGGTGAATAAGTCAGCTCCTCCTCCCTCCTCATACCTGGTTTTCTTGCCTTTCCCCA,1
TGCCCTGGCCTCCGGCCTCAGGCTTCTCCTGCCTCTGTACAATGCCACGTTGATACGCCCAGCAGCTGTGACTCAGGCCTGGCCCCCTGCCAGGCCCAGCACTTCTACTGGAGTTGCGTCTGAACATGTCAACAGGCTTCCTATCCCTCTCTCAGCACCAGTTCTCCCCACTTCAGCCCCTCCCTCTGCCTGGAATTAAA,1
AGCAATAATAGTTATGGTCACCTTCGACCCCAGAAATAATGGTCTCTGTTGTCAGATTCCATTCAAATCCAAGAAGTTGTTGTCAATAATACTTTTGTAAATGCAAGAAGGACAATGTCAGTTGAAACGTGTTGGGTTTGTCTTCCCATACTGCTGTGAATCATGCATATGCCTCATCTGCTGCTACTTATAATAAAACTGCGTAACAATT,2
AGCAATAATAGCATCCAGGCTTGGTCCTGGTTGTTCCTTGCTGTTATACCAGCCTGGCAAGGACTCCTGAGCTGCTGCTAAGAGTGGTTCCTTGCCTGACTGTTCACGCCATGGCTTCTTGTTGCAGAACCCTGTGCTCTTAATGCTGCAGAGCTGCAAATCTGTCACTGCCACCTCTGAGTAGATCACTATTAAGGGACCTTGGTCAGCA,2
ATAATAGTTGTTTTTTTCTGTTTTGAGACGGAGTTTCGCTCTTGTTGCCCAGGCTGGAGTACGATGGTGCAATCTCGGCTCACTGCAACCTCCACCTCCCGGGTTCAAGCGATTCTCCTGCCTCAGGCTTCCTGAGTAGTTGGGATTACAGGCATGTGCCACCAAGCCCGGCCAATTTTGTATTTTTAGTAGAGACAGAGTTTCTCC,2
AGCAATAATAGACTGTTAAATAGCAAAAATTATTGAGCTCAAACCATCTAACCAGGTGATTCTTCCTTCATCTTCTGAGTGTTTTAGCACAGAAGAATTTCATTTTCAGAGAGTGACTCTATAGGTTCTACCAGAAAGTTAAAGCACCTCTGGGTGATGCTGGGTTCACAGAGACATAGCACTGTGAGCTCGGCAGGGGTCTTAGAGCTTG,2
ATAATAGGAGAATTAAGTTTGTATTAAGTTGGAGACCAGGGCAGATGGAAAGACGGAAGGTTAGGCTGGCACTGGGAGCTCCCTTCTTCAGGGGTCAGCTCCCCATAGGATCTGCAAGGAAGGTGCAACAGGATACTCCCTTGAGCCATGTGACACTCCATGACAAAGGCACCCCCAACTATGCCCCTGGGTGTCAACCTCCCTATC,2
ATAATAGCCTCAACACTCCCTTTTCCCCAGAAGAAATACCTTTTAGTGAATAGAATATATTCGATAAATACTTATTGAATGACTGTCCTTTGAATATCATTCTTGGAATAAGAAAATGTTGTAAAGGAATCATAATGGTAACATATAGCTTTTATCTTCCTGGAGTCCTCTATTTTTTTCTCTCTGGTTCATTTTGGGATTACATTC,2
ATAATAGTTTTATCATACGTGCTTGTTTTTAAGCCATTATCACTTAGTTTCAAACACACTCTTGTATTTTTCCTTGTCTTAGTAGGTCTGGGGCTCCGCAAACTACATTTCCACTTTTTCAGCTGCCTTCCTGTTAGGCTTCCACATAGTGAATTCTGAAGGAAGACTGGAGTCCTGGAGGAAGAAAAAAATGACATATTCTCCTGT,2
ATAATAGGACTTCATGAAAGTGGTATGCAAATAACTGATATTTGGGATGTACTCATATTAAGGATATATTATGGGCTCTGGAGTGAGACAAATGCAATATTGAATTTTAGCTTTATCTCCGTTAGTTTGATGACCTTGTGTACTCTGACCTAAAACTCTTCATTTTGTAGTCACAATAATGATGGCTACTTAGTAAGGCTGTTTTGA,2
ATAATAGAGGATTAAACAAGTTTTACTGGGGTCTGAAGAAACTCCCCAGACCTCCACAAACAAGCTTCCTTGGAAACTAAAGGAGCTCCCTCAACCTCCGTGATTTAGCAGAGGGCAAGATAAGGGTGATCACCCCAGCACCTGGACCCAGTTAGATTCAGTAAATCCACTGAGGCTCCAGAGGAAGGTCTTCAGGACTCAGGCCTT,2
ATAATAGTTCATGCCCAGGTGGAGCCACTTTAGTAAAAAAAATAGCATTTTTGCTGCCATGTGATGCACAGGTAAAACAGACCACTGGATACTGCTGGTTTGCATTCCTGCTTCCTGGGAAGTTCTCCCTTCCATTTCATGAGCCTCTTTGGGAAAGGTACAAACTTAGGGAATTACTGACACAGAATAGGAACAATTGGCAATCCT,2
ATAATAGCCCCATTCATTAGATCACCTGCTTGGCCCTGACAGCACTTGGGACCCCTGACCTCTGCCGCCTTCTCTGGTCCTCACTATCCCTCATGGTGTGGTCATGTTTAGCTCAATTTATACATAGAAACTCAGATTAAAGATCCTGTTCCAGGTAGCCCAGCTCTCAAGCAGAAAAATGGGGACTAAAACCAGGTATGTCCAGGT,2
ATAATAGACAAACAGAAAGGACATCCACACCAAAAACCCATCTGTACATCACCATCATCAAGGATAAGTGGTCTACCCAATAACAAGCAATAATATGCCAGATACAGTGGCTCATGCCTGTAATCCCAGCACTTTGGGAGGCCAAGAGGGGCAGATCACTTGAGGTCAGGAGTTCGAGACCAAACTGACCAACATGGTGAAACCCCA,2
ATAATAGGAGTAGATAAAATGTGTTATGCCAGTGCCCTGGGAATCCGATACAGCTGGCCCAGGAGGGGCCTGGGGTTCTGCTTTGTTTTGTCTTCAGATAGTGTCTAGCTCTCTTGTCAGGCTGGAGTGCAGTGGCGAGCCTAGCTCACTGCAGCCTCTACCTCCCCGGCTCTAGTGATCTTCCTGCCTCAGCCTCCCGATTAGCTG,2
ATAATAGGGATTATTTAGGTTTCTAGGAAATGTATCATTATTTTATTTTTCATATTTGCTATTAATGAAAGCCTTACACTTGGTGAAGTTATATGTTAACCTCTAGTTTTCAGACCAATTAAAATAAATTTTGGTAGTAAAAAAGATAAACCCTAGCGGATTTATAGTTATGCAGGGTTTTAACCAGTTTCTTTTCTAAGCTAGTTA,2
ATAATAGTAAAAGTTTGGCTTTAAAAACAGTACAGTCCATAAGTATTACAAAATATCGATATACTCCATTTTTTTAATAACTGGAGTTTATTCACCTTGGTGATAATATATTGCAGTATGGGTAGAATAATAAGTGGAATTAAAGCTTCATGCAACATATCAAAGAGAAAACTAACATATAATGAGTTTGTAACCGTAGAAATATAT,2
ATAATAGACGCAATCCCAAAGGGGGCTGTGATTCAGGTTGTAGGATTCTGAGCTTTTGGGATACCAGGGGATGGCAAATATCTTTGAAGAACAGGGATATTCTTCTGGTTTGAACAGAATAGTAATATTTAACCGCAGTGTTATGTGTCAAGTTCAGGCCTTCTGGGGGAGACTACTGGCTCTAAACTGCCCAGGAACACACCCTCT,2
ATAATAGTTAATGGGTGCAGCACACCAGCATGGCACATGTATACATATGTAACTAACCTGCACATTGTGCACATGTACCCTAAAACTTAAAGTATAATAATAATAAAATAAAAAAGAACATATCGCCTTCTAATATACCATGTAATTTACTTATTTATCATAATGATTATTTGATTCTGTCCTTCATCCACCACTAATATGTAAGTT,2
ATAATAGCAGCTCAGCCGAATCCTCCAGGAACAGGCACGGAGATTGAAGGGTGAGATTACACAGAAACTTCTGTGCCTCCTTGAGGGACTTGGACTTTCTCCTGAGGGCAGCGGTTCCAAGCTGGGAGGGGCAGCATCAGATGTGGCTTTCGCTTGGCTCATGGGGGCCGGGTTGGGGGCCCATTGAGGAAGCTGCTGCCATTCCGG,2
AGCAATAATAGGAAACGTGCTTGAACATTTAAAATATTTTAGCAAGAAGGAAAGTTAAAGATCAAGGTTTCGTTTTACAGATACGAAAAGAGAGACTCAAAGAAGTCCAGGGTCTTGGCCAGGGCCACACATCAAGGTAGGACTCCAACCCCAGACCGCAGACACTTGCCCTGGTGTTCTCTGCGCCAAGTCCTGCGGCCTCGTTGGTTTT,2
AGCAATAATAGAGTTTTGCTCATTCCACATCTACTGGATGCTTGGAAGCATCTAACCGAGCACGTTTTCCTCTTATTCACATGCCTTTTAAACTATTTACTTACTGCAAATTTTTTATCAGAAGGGGTTTATCTCCCCCCTCTGCCTCCAGTGACCCTCACTGGGTGTTAGGGAAGGTTTCCAGGCCACAGTTTGAGATTTCCCTTGTGGA,2
ATAATAGCCTTGCAGCATCCTTCCCACTCTAAGCTTAAAGGAGACTGTGTAACCAGCAGTGCTCACCCATCCTGGGCCTGAGTTTGAATCCCAGCTCTGGAGTTCAGCTGTGTGACATGCAAGACCTTGTCCCTCTCTGAAGTCCTTCTGTAAAATGAGGTGGCTGCATTGGGTGATCCCATTCCACACCATGAGTCTATAGTCCTA,2
ATAATAGCACCCCCTTCCAAGAGGCCCTGCTTAGAGGCCCCCTCCGCCCCAAGGAATGCAGGCATCAGTGCTTCAGACTCTGGCCTAACCACCGTCCCCACCTCCCAGGCCCCCACCCTTTCCCTCCAGATGTGGGCACAGCTGTATTTTTAGAACAGCCGACCACGAGGACATTCTTTCCTTCTAATTAAGATGGCTTCAAATCTC,2
AGCAATAATAGCAGCTCCCATTCCTGCAAAACAAATGAGGAGGGGTGCTTTTCTTGAATGCTGTGCCTGGACTTTCTCTCCCTTGACCCAGCCCTACCCATGGAATACCAAGGCAACCTCAACATCTGTTACACTCCTGCCTTAATTCTATTCCTCAGCACCAGCATAACTCAATAGAGGAGTATGGGCTTGTCCTTGGACAAGGTACTTG,2
ATAATAGCAGTTCATTGGAGGAGCCAGTCCACACAAGTGCCTGGAGACCTTGTACACAGGCTGCAAAAGGTAATGCAGCAGGTGGAGGATGGTGATTTGTAAAGCGATTTCCAAAATAGTGCATTTGAGAAAATAGATATTCTTGCTTTATTATAATAGGCTTAATCAAATGTAATGTGTCATCATTTTTTGCTTTATATATTATTT,2
AGCAATAATAGGGGAACTAAGATATATTGGTAACAGAAGATGGTTGTGAACTCTACTGAAGTGGGGTAGAGGGAAATAAGAGTTCTAATTTAATCACATTGGAAACCTTTCAGGTCAAGAAAAAAAATTATGCTTCCTATAGCAAGCTATCAAAACTTACATACTTTAAAATATAAGACCATTTATCTTTTCTCATGGGACTCAGAGTTCC,2
AGCAATAATAGCTCCATAGAGGCTGGACCTCACTCCCATTAGCCATGGAAGAGAGCACTGTCTCTCCACAGAAGTTTCTTGTTTTGTTGTTTGTTCTGCGCAGTGAAGGGGACAGACAGGTGGAGACCTCTTCGCACCCACTGCTGCGTCCTTGCTGCTCTCTGGTCCTGATAACCAAGAAGCACCAGGGTCTTGCACTCTCCTCCTTGCA,2
ATAATAGGAGCTAGTGCATTCCCTTGTCTGCCCCTAGCTGGTGTGTCTCTAGGTTGCATTCACCTCAAGTTGACTGGCTCCTATCCCAGCACAGCACTAGGACTTGCCCAGAAATTGTGGTTCTTGTGGCCTAGACTGCCTTCCAAATTTATTTAGGACCCCAGAGTACTTTAGCCTGCAGTGATGGGGCTAGCCAGAACTCAGGTT,2
ATAATAGGTGGAGTGTAGTTATTGATTTTATTCAAAATGGCATTTTGAGGTTCCAACAAGTGAAGACTTGTTGATAATGGCATCACTTTTGCTGTGATGATTTCTCCTTATAGTCATGCATTCCTAAAATGAAATTATGGTAGAAGCCACCCAAAATGTGCTTACTGTGTAATAACTACCTATTTTAAGAGCTTATATCATGGAAAA,2
ATAATAGCCTCGAGGCCGCCGCCGCCACAGTCAGCTGACAGCCGCCGCGCCCCGCCCCCGGCACCGCCCCACTGCGCAGGCGCCGCGCCAGGCACCGCCCCTTCCGGCTCTCGCGCGCACGCGCGCTCCAGGGTAGGGCAGGCGCAGCCTCTCGCCCGGCGCCTGCGCACCTGCTCTCTCCTCGAGCCCTGCAGCCCGGCGAAATGG,2
ATAATAGAGAAACAGCGGAAGGAAGGATGGTAGGTAACAGTCGGCACAAGACACACAAAGAGGAAACTCTATGGGTTCTGCATGCGTGAGTTGCTGAAAATGAGCTTTAAGGTTAAAGCCAGGAGTTTGGAATTAATGTGTAGCATGTGAAATATAAAAAACTCCATTCAATGCCCTCAATTTTATCAGAGGATTAGGGTAACCTCC,2
ATAATAGGTTAACTAACCACCATTAATCACCCAAAGCATAGATCAAATGCAAACCCATTATAGAAAAAAGAGAATGAGGAACAGTGTGTGTCCTTTTGGTCAGGAGTGTGCTAACACAGGAATAGATAGGATCCTAAAATGCAACAATCAATGGCAAGTGGTCTTTTTAATTTAGTGGGCAACCAGAGGTGACATGATTTGATGCCT,2
ATAATAGCATTTCCTATTAGAGGTAGAAGAATATAAGCCATAGATTCAACATGCAACAACTACAAGACCTCTGTTAAGGTAAACAGAGAAATAAACGATTCAACTACACGAATTAGTGTTCCATTTTATAATTCTACTATGTCAAACAGAATTAACAAACCTGATACAAAAACATCAAATATATGGTAACACAAATAATATAACTCT,2
ATAATAGTGGGGGAGAGCCTGGCTTTGCTGGTCCTTTGATTCCCCCTCGCCCTCCCCCAGAGTCCCAGTATTGATATCTCTGTCATTCTCCTTCCCTCTATTTTGTCCTTCCTCTCTGATTCCACCTGTCTGCATCTTTTCCTGTCTGTGTCTATCTGTGTCACTGTCTATGTGATACCTCTCTGGTTCTCTTTCTCTTGCCTGCGT,2
ATAATAGCAGGACCACATAGTAAATATTTTCAACTTTGTAGACTAGAGAATCTCTGTTGGAGTTATTCAACTCTTCAACTCTACCATTGTAACACAAAAGCAGCCTTAGATAAGATCAGCTTCCAGCATGACAGCTTAAGGAACCCATTCCTCTGTAAAACTGGTGAAAATTCTTTTTTGTTTTGTTTCGTTTTGAGACAGAATCTC,2
ATAATAGCAGGGCTGGGGGCAGGAAGGGGACTTAGGGGTAGCAGCATTCAGCGTCTGTCAAGGGGAGAAAAAGCTTTCTCTGCCTTAAACCTCAGGTGCCTCTCTCTGTTGGGAGTCCCTTCTCAGCACTGGGGGAATGGGTGTCTCATGGACTCCCCCTCACCTGCTCAAGGACAGCTGGCAGGGGCTGTGGCCACGCTAACCCAG,2
AGCAATAATAGAACCCATCATTTTAAGCTGATAACAACTTAACATCATTTTCATAAACAAACAAACAAGGAATTAAAACTTATAAAGACTTGATGCCATAACTTCATACCCGTTTTCTTTTAACTTTTTTGTTACTACTTATATCTTATTGTTCCATTTTTCTTGAAAAGTTGTTTTAGTTATTATTTTTGATTGGATCATTGTTTAGTTT,2
AGCAATAATAGATCATCAGAAAAAGGAACAATTAATTGCTTGCTGAGCATGTGCAAATTTACAAAACAATTTGGCTTTTCAGATGGAATTTGAAGGCCTGAATTATTTAAGTCAACTGAAACTACTACTACTGTGAATAGAGGCACAACGACCCTTATATAGTGACATAATCATCACATCCTTCTGGTTAATAACATATTTCACAGCAGTC,2
ATAATAGGCCTGGAGTGCAGTGGGGAGATCTCCGCTCACTGCAACCTCCGCCTCCCAGCTTCAAGTGATTCTCCTGCCTCAGCCTCCAGAGTAGCTGAAATTACAGGCGCCTGCCACCACACCTGGCTAATTCTTGTATTTTTAGTAGAGACAGGGTTTCACCATGTTGGCCAGGCTGGTCTTGAACTCCTGGCCTCCAGTAAGTAA,2
ATAATAGTGAGAGCCCAGGAGAAAGGTCTGAGCAAACTTGGGAGACATCAACATGTAAGTGACAGGTAAATCCATAGATGTGAATTTTGCCCAGGGAGAATATGTAAGAAGAACAGTAACCTAGGGATAAAACCAAGGAACAGCAATAGTTAAAGGGTAGCCTGAAGGAAAAACAAAAAACAGAAGCTGGAAAAAAAAAAAGTCAAT,2
ATAATAGGGAAGGGGCTCCCCCTGCCCCGCAGGTGCCGCCCCGAGGAGGTGGAGGAGGAGGAGCCGGGCACTGACTGGGGACCCAGGTGAGTCTAGCAAATGACAAGGCCCAACGGTCAAAACCGCCTCAGTAATGCGCTCGTCCAAAGCACGCACTTAACGCTCAATCCTGGTGTCGCGTCCCGTTGCCAGGCAACGAAAGCAAGC,2
AGCAATAATAGTGTGGAGGTAGGGAGGTTCCTGGGTGGGTGAAATTCAGCAACAGCACCATCTAGAATCCCGCTGGTCATCCTCAGGGTGTGGGCTTGGAAATGGACAGGCTTAATTAAGAGCCATTGTGAATGCAAGCTGGCTACTCATCCAGGTCCAACAAAGTCTAGCATAAGAAATGCAACAGGGCTGGGCACGGTGGCTCACTCCT,2
ATAATAGTTATTTCTTCATTCACTTTTTGTTTATGTTTACATCACTAAAGCCTTTATTCATTTGCATTTATTTTTGAATGCCCTCAGGAGAGTGGAAACAAATGGTAACATGGCATTTCCTGATGCTTAACAATGTATAGTGCCAGCCTGCTGAATGAATGAATGAATGAATGAGTGCACAGATAGATGAATGGCTAGGGTTCATCC,2
AGCAATAATAGCCACCACCACCATCACCACCACCACCACCATCACCATCACCACCACCACCACCACCACCATCACCACCACCATCATCATCATCATCATCACCACCACCATCACCACCATCACCACCACCACCACCACCATCGCCATCATGATCACCACCACAATCATCACCACCACTGTCACCACCACCACCGTCACCACCATTACCACC,2
ATAATAGAAACATCCCCCTCTCCACCTCACCCCGAATCCAAAGTAGAAGGGCATGGCCTCAAGTCTAGGGACCACACCGTTTGAGGCTGGACACATGTGCAACACTGGAACCTGTCTTTCTAATAAGCTTACCAAGTAATCCTGATGGAAATCTTCACCCTAAGTCACCACCTCTACAACTAGGGGTCTCAGAGATGAAAGCCAGGG,2
ATAATAGTAGCTGGTTGCTAAGAAATCACACCGGGTGACATCACCTGATCACTTACTACAGGCAAGACATGGCCAGGGTCAGAGTTCAAAACAGTTTCTGGAAATCTTTCCAGCGAAGCCCCTTTTCCGTGCAGGGATGGGAGGATGGGAAAGTATCTTGATGGGTACCCACCTGTGACCCCCTGCCCTATGACAGAGGTACTATTA,2
AGCAATAATAGTCCTCTGGGGGTCCCCAACAAGGGGCAGGGAGCAGTGCAGGGGAGTGCCTCAGACCTCAGACCCCAGGCTACGCGACCTGGATCCAGGTCCCAGCTCTGCCTCTCGGTAGCAGGGCAACTTGGGCAAGTTGTTAACCTCTCTGGGCCTCAGTTTCCCTGTGAGCAAAGTAAAGATGCTGCTAGTAATCACACCTATCTCA,2
AGCAATAATAGGGAGAGGTAATATGGTCCCACCTGGGGGCTGTGCCCGTGCCCTGGCGCTTCTCCTCAGGCGAGGCACATGGGGCGCCAGCCTCAGGCCCCAGGGCACACAGGGGAGCAGCAGACCGGCTGAGTCCTCCCTCCTGGAGGGAGGAGGGCCTGGGCCTGGGGGTTGCCCTGGGATCCCTCTGGGTCGTGGAAATTGTGGGTCT,2
ATAATAGTGTTCATATATGGTTGTTTATTAAACTATTTATCATGAAAGTATGTAAGTGGCATGCTTAATGTCTGAAAGAGATAGAGACTTCAGCTTTTCCTGTTGAGGTATAAAATTTAAGTGCCTTACTATTTCCTTACAATATTCTATAAACACTGTGTTTGAGTGATTTTGCTGTTTTCTTTAAACACTGGGCATTAGTTTTAA,2
ATAATAGAGGTTGGTCATTCATTTTATTTCAGCAAATGAGTAGTAAGTAGGTCGAGGTAGTAAAAAGAAATACCTCATTTTAGTGAAAGAGTGTCTTAAGCAATTGCAATATAAAACTCACATTACAAAGACAATGGAAGTTTGACCTACCAGTTTTTGGAGTGTCAGAACTGTGCAAACAGAGCATACAAGACAGAGTTTACACTA,2
ATAATAGTGAGGAAGCACCAGTACAGGGATAAGAGATGAAGAGACAGGCCAGGTCAGGCTCACCAAGCAGGTAACCGGAACCTTTAATTTTATTATGTGGAATGCTTAATGCAGAGTTAATAGGGGCTAGAGTGGCTAGGAGAGGGGACTACTGAGATAAATAACAGGAGACAGTAATGAGTTACATGTGGATTTGGGGGGCTGCAG,2
AGCAATAATAGCTAAATCGTAAGTGAGGGCTGCATCCTATTGTCAGTGAATGATGGCGGAGCTGAGTGGCTTGTCATCATTCTCGAAAATTCTGAGACTAGTGAGCTCTCTCCCTCTCTCCCACTCGCCTTATTTTCCTGTTCGCCACTGCGGGGACTTCTAATTTGCAGCTTCCCTTTCCCCGGCACACACAGACACGAGCTGGTGGCTT,2
ATAATAGGGCATGGTTGGGAACATTCCTCTGTGGTTTTCCCGCCAGCCATACTGACGACTCTGTGGCCACAAGGCCAGAGCCACATGTGCAGAAGTGGCCAGATGTGGCCAGAGGGTGGGGTTACACATACTCATCTTCATTCCCAACCCATGTCCTGCCCCAGCACCAGGAGAAAGGGTCCTTGGAAACTGCAGAAGGCCTTCCTG,2
AGCAATAATAGAAACCAGGCTCTGAGGCTAAGAGGCCAAGGCGACTGCAGTAGGCAGCCTCTAAATAATAGTACCAATGTCTCCTGTCTCAGTATTCACACCCTTCTGCAATCCCCTCCCTTTGAGCGTGGCCTGGACCTAGTGCCCGACATCTAATGAACTGAGTACAGCAAAAGTGATGGGAGGTTACTTATCAGATCAGGTTATAGAA,2
ATAATAGTCCATCTCAAGAAGGTAACAGAGCTTTGGTGTTCTGTTGGCTCAGTGATTTTTTGGTTACAGAATAAAAACTAAAAGTCACCAGATATCCAGAAGACAACTCAACTTGTGTTTCTTTTGTTTAGAAATCTTAGACTGATTGAGTCAGAGAAGCAGGAGTCCACTGTTGTGCTTCATGTTAGGGGAATGAGCGTGGCGAGG,2
ATAATAGTTGCTTTTGGATTTCCAACTCTCTGTATACAATGACCCCTACGGAAGACCTCACACCTGTTTCAGAGAAGAGAATAATACCCGCCCCTGGGTTTGGCCATTTCCTTTGTCTTACAGTTGTCATGGGATCTTCACCCCTCCCAGCTCCATTGGAAGGTCAGTTGCAGTGCAGCCCTTTTCCGGGGTAATAAGTTTTTAATG,2
AGCAATAATAGAGCAGAGGCTGCAGCCAGGAGGGCAAAGGGGAGGTGGCTAGGCCATGGAGGGGAGGAGGAGCATGGGGAGAGCAGCATTGGGGGAGCTCCAGAAGGCCCCTGGTGTCAGAACAGAGGGCAGACCTGCTCCTCCTCCTCCCTCCCTCTCTGCAGCTGCAGCCGGAAGGGCCTTGTCCCTGGGAGGGCTGCCTTGACTCCTC,2
ATAATAGGCCTGCAGGAAGCCATGCCCCGTCCCGCTCACTCCTCCACTGGCTGCTTCTCCGACCCCGATCATGGCTGCAGCAGGCCTGGAGGCCCGGTCACCCCCAGGCCCAGTCACATGGCCCTACTCAGGCACCACCTGTGCTTCTTGGCTGGGTTTCTCATCTGAGAAATGGGAAGGCTGGGTCTGGGTGAGGCACTTCTGTGG,2
ATAATAGAACTTCAAATCAATGAAGAGAACAGGAATGAAAAAATAATCTACTTGATCTCTGGGAAGGTGTGTGGTTGATTAGAAATGATGACAATTTTTTGACCATTGGGACATGGCAGTCAAATTCTGGGATGAACTTAGAAACTTGTTTGACCCATAAATTGCCGTGGAAGTGAAGCTATGTGACTTACGAGGCTAGGTTTCTAA,2
ATAATAGCTAAGAACACAGAGAGAGAGAGAGAGAGAGAAAGCAAGAGTGGAGGTGGAGGTGCCTCTTTTCAACAACCAGTTCTCTGGAAACTAAGAGTGAGAAGCAAGAATGACACCTCAAGCCATTCAAGAGGGATCCACCCCCTACAATCCAAACACCAGGCCCCACCACCAACACTGGGGTATCAAATTTCAACATGAGGCTTG,2
ATAATAGTCAAGATCTCATGAGTTGAGACACAGCCGCTCCCTAGGGGAGCACAGGACCTGGTTTCTGTGCCCATTCCCTGCCCCTCTTTAGGCTGACTTCTCTTTATTGAAGTCATAATGGGGTTAAAATGACCAATCTGTTCAACCTTGCAAGAGACAAGGAAAGGAGGAAGGGAAAGAGAGCCTTTCACATTTGTGTGTGTGTGT,2
ATAATAGACTGCACAGGAACATTTAGTCCTAGTTTTGCATAAAGACCCACAATGCACTCATGCACTCTTTGGCATTCTTTAAATCTTGCCCCATTGTGACGTGGAGACATGGATCTTAAGAAGAAAAAATGGTCTTTGTTCATCTTAGGTATTTCTTTCAGTGGTACCTAGAGGCCATTGGCAAATATGTTCAAATTATAAACCAAA,2
AGCAATAATAGTCCTTGGACCCCTTCCTCGGGCCCCACGCCTACCCGTATGACCACATCCTCACTATTCTCCCCTAAACACAAATCGAGGGACATACAAAGCAAGCACTGTACTTACTTCTTAGCCAATCCGTCCCCTCCCCCATCCCCAACACACAGGGAGACTTTATGTTAGCCTTGTAAATAAGAAACACCATTCCACAGTTATTTTT,2
AGCAATAATAGGGAAGTAAACCAGCAACCCTCCAGCACACAAGAAATGAGAAGAGAATTTAAAAATCACATTCTGATGATAACACAGCATTCAGGTGTAGTCAGTTGGTCTTATTAGCAAGTAAATTACATTGCAAAAGAGGCGGCTTGATAAACTATGACCTATACCTAGAAAATGTCCTCTCTCCACAAGTTTCTAGGTCTTTGTATTG,2
ATAATAGTAGAGAAATGGTGGCAAAGGAATTCTTGCTGTGGTCCCAGCGGTGAGCATAACAGAGTTACCTCTCTCCACCCCAAATATTCAGACTGCAAGGACACTGGCTCCCAAGCTTCGACCTGCTTGGAGTTCCATTCCAGGTACTCTGCTGATGTCTCGGCCAGCCTCAGCCACAGACTCCCAGCTGAGCTGAGCTGTTCTGAG,2
ATAATAGACTCAGCTGGCAGTGTGCACCCTTGGCCACACATTAGAATCACCCAAGAGCTATTAAAAATCCTGAAGGTCATACCCCAGGCAAGTGAATCAGAATCTCTAGGGATGGGTCCCAGGCATTCGTTTGCTTTTTTAGTCTCCCCAGATAATTTTAATATGTAGCCAAAATTGATAATCCCTGCACTAGACCAAGCTCCGATT,2
ATAATAGCATTCCCACAAGATGCAAGTAAAGAAGCACCGCGGACACCGGGGGAGGGTCACAGAGTGACAGGAGGACTGGTTGACCAGCTGACTGGCCTCACTTCTGACAAATGCAAATTACCCAGCCACAGTCCAACCAAGGGTATCAAAACAGGATCTCTGCAGATGGAGCTCAGTGTTATGTGTTTTGGATGCTCGCAATAAGAT,2
AGCAATAATAGACAGGGTCACACTTTGTTGCCCAAGCTGGAGGGCCCTGGCGTGAACAAAGCTCACTGCAGCCTTGACCTCCCAGGCACAAGTGATCTTCCTGCCTAGCCTCCCAAGTAGCTGGGATTACAGGCACATACCACCATGCCCCGCTAATTTTTTGTATTTTTAGTAGAGATGGGTTTTCACCATGCCGGCCAGGCTGGTCGCG,2
ATAATAGGGAGGTGGGAAAGGAGATCTCTCCAGCACAGCATGCCTGAAAAACGATGCCAGAACTACACAGCCTTCCACAAAAGCACGTGGAGAAAAAAAAACCCATCCCCAAAAGCAGCATTAACAGGAGAATATTAAACCCTCTACCATGGCACAGTGAATAAGACTTCAAAGCCCTCTACGTATGGAAATGAATCCTGCAGGCAG,2
ATAATAGGCCGCCGCTGCTGCTGCCTCCGGGGCCGCGCCGCATGTCAGCCCGGAGCCGCCGCGCTCCGCCGCACGCGGCGCCCGGCCCCGCCCCGGCCCGCCCCGGCCCGCCCCCCGTAGTCCCCGCCCCCTGCCCCGCCCCCGCCGCCCGGGCGGGGGCCGCCCATTGACGTCGCTTTGACGCCAGAGCGACGCGCGGCCGAGCGC,2
ATAATAGCAAGGAACAGAATGACTCAATGCAAATTATGGGACCTCTTTGAGTTTGGGGCCCCTACATTTAAACTAGTAACTCCGTTGCACATATTGGCACCCTTCCCCCAACAAAATTACTGGGCAGGAATTTTCTTGAATCCTTCCGTGGCCTGGAATGATCTCCCTTCTCATCCTTGTGATCCACACAGCTGGCAAATGGCAGGC,2
ATAATAGTGGAAGCATCTGCCAGCGACTGGGGAGGGGAAAGGTCACTTGAGGACTGTGGAAAATATTCCCTTTCTCCTTAGCATCCTGGAACGTCGGCTCTTGACTAAATTGTTAATAGAATCTGGGAGCTCGGATTCTGGTGCTGACATTTTTTTCAGGGTTAGTTCTAGAAATGATATTTCTTAAGCAGCCTTTTGCGGAGCTTC,2
AGCAATAATAGTGATGTTAGAAAGTCATTACCTATCCACAGGCGGGCATAGCCATCCAGAGAGAGATGAGCCCAGCAGAGACCCCAGCCCTGGGTCATCTTAGTGGCTCTGGGTGCAAACAGAGCCACAGAATGGGAGCAAACACTATAAACAAAGTCAAAGGCAAATACCTAAATCAGTACCCCCACCTCAACCTGCCAGACTTTCAACT,2
ATAATAGCTATGCAACTTAGGTCCCTTCCCCTATCTGGGTCTTCATTTTCTCAATTCAACAGTTAAATGGTACAACATTTAACTTAAAAAATCAATTGAATTAAATGATCTCAAACACTCCAGGAATATAGGATACACAATCAAGACTCTTTATTTTTATTTATTTATTTTTTTATTTTTATTTTTTGAGACGGAGTCTCATTCTGT,2
ATAATAGTCCTTTGCAAAAACTCTCCCAGAAGAGTTACAAACCTCTGCAACTAAGTGAATTGGATATCTTGATTAGACTTGTTCCTTTTTCTTTGACAGGGCAAAATCCCTCTCTGAGGAAGAAGGGAGGAGCCTGCATTGATTAACATATTGCCATTCCTGAATGAATTTACATTCATGAATTATAATATTGGACCATTCCTCTGA,2
ATAATAGGACGCTGCAGGTGCTTGAGCGGGACCCTGAGGTCTTTAGTAGGGGCGGAGCAGCAGCGTGAGCGGGGCCGTGACCACCTGGGGGTGTGGCTTAAGGCAGGCCCTGAAGGCGTGGGCGGGGCGGGGATGTGGGCGGGGCATAATCGCCTGGGGGCGGGGCCCTGAGGGCTAGATACGGGCGGAGCGCGGAGGGGGCGGGGC,2
ATAATAGCCTTTTCCTATCCTCTCTGAATGGCCTTGCTTTTATCTCTTTGCCTTGTCTCCTGTTTTCCTTCTGAGGGGGCAAACAAATTCCAAAGCAGCAGTTCTAGCCATAGAGCAAAGAGAGGACCATGGTAACTGTTTTACCCAGCCTGGCCAGCAGCCACGAGATGTCAGTTCCTGGGAAGTCTGAAGCTCCTTAGCTGCTGC,2
AGCAATAATAGTCTTCAAGGAGTGTGGCCCTGACAACTTCTTGGTTTTGGCCAAGTGAAACCATTTTGGGACTTCTGACTTCCAGAACTGTAAGATAATAAGTTTGTGTTGTTTTAAGCTGCTAAGTTGGTGGTAATTTGTTACAGCAAGCATAGGAAACTAATATACTGGGTTCAGTTCTAGGAAACAGAGAGGGTAGCAGAAAGCACAG,2
ATAATAGGAGCCTGTCCGTCACACAGCTCCCTCCCAGCCTCAAAACTACACTCCAGGCTGGGTGCAGAGGCTCACGCCTGCAATCCTAGCACTCTGGGAGGCCAAGGTGGGCGGATCACCTGAGGTCAGGGGTTCAAGACCAGCCTGGCCAACATGGTGAAATCCTGTCTCTACTAAAAATACAAAAATTAGCCAGGCCTGGTGACG,2
ATAATAGCTAGTTACAGGTCTAGAAACAAACAGGGGTGTTGGGGGTGGGTTCAGAAGAGAATCAGCATTGTCTTGCTTCAGGGGAGACCACTGTTGCCTCAAGCATTGCAGGGTTAATCTCAGACAAATGTGGAAAGGCTGGTGGCAGCCTGGGTGGGGGAAGGGATATTGCCACCACTGGGGGTGAGGAGGCTGTTTTCTCTGGCA,2
ATAATAGGTTCCCTCCGCTTCCCAGCCGAAGAGGCAGGTTATTCTAGGATATAGGGGAGGCTTACCTAAAACTGAGTTATTCTCCTTTCCTCCTCTGGCCAGCCTCTCTTCACTCTGGGGAGCTTTTACCATTTAAGGTCAATGTTACATCTGGCTCCGGAGCTCAGAGCCGAGAAGCCTCTGGCTGCAGAACCTCGGCCGCACGCC,2
ATAATAGACCCATGTGAATATGATTCACAGATTTCTAGCTCAGCACTCTTCTCTCACTTTCAGACCCTGGTCTCCAGTTGGCTACCTGACCTCACGTAGATGTTTTTGTTTTGTTTTTGAGAGACAGGGTCTCATTCTGTGGCCCAGGCTGGAGGGCAATAGTGCAAACACAGCTCACTGCAGCCTCGATCTCCTGGGCTCAAGCAG,2
ATAATAGTGTTGCTATGTACCCATGCCTTCTCTCTCTCTCTTTCTCTCTCTCTCCCTCTCTCTCTCTGTCTCTCTCTTTCTAATGAAGAGTTTAGCTTTGGAGTTAATGAGCAAAAGATTTCCTTACCATAAAGTGAAGCCCATCAAGTGAAAGCAAGTAGAAAGGCGCAGAAAGGTTTATCCTTGTCACCATGTGGAAGGACACTT,2
AGCAATAATAGCCGCAGGGAAAGCGGTGAAGCGGGCAGGGCGAGCTGGAGCACCTGTGTGGCATCATCAGCTCCAGCCTGAAGTTGGTCTTGTGGTGGTGTTTTCGTTGCTGCCTTCATCTGATAGCCCTGAAGAAAGTGGCGGCCTCTGGGAGGCGAACGGGGAGGCCTCAGTGGCCAGGGGCTCGGCTTTGTGACCCATGCAGGAGATA,2
ATAATAGAGAGCTCTTTTTACAGACATCATACACACAACACATACAGCTACGCAGACAGGTAGGAGAAAACTCAATCCCCTGGTGGAGCCCTGTAAGAGAGCAGGCTAGGAAAACATACAGATATCAAACCAGAAAGGACTTATTCCCTAAGGCAGGATTGCTAAACAAAGCCTTGCCGCACCCCCAGGATGTAGAACAAGATGGAG,2
AGCAATAATAGGAATGAATGAGTTCCGCTCTAGCAAAAAGTGCCTGTGATCTGAAATAATTAGTCATCACAATCAGAGAGAATGCTATGTGACTAGTAAATCATACAATTGAGGAATTGCATTTAAAAATTAGAGTTATCAGGAACACCTAAAAAGCTGTCTATTCAAGTAAGCCCCTGGAGCTTTGATAATTATCAGGAGGCAGAATGTA,2
ATAATAGAACTTGTGAGAATCAAAGAGCTGCAGTATTGTGGTGGGATTATAGGCAGGGAGGCTGATGTTCTGCGGCAGGAGTAGGTAGCAAGGTAGATTGCTCCAAGGATCTTCACTTTGCTTTACCTGCTTCCAACCTGAAGAGCTTTCAGATTTTTTTTTAACTTTTATTTTTTGTCTATTCATTTTTTTTTTTTTTTTGGACAC,2
AGCAATAATAGCCCTTGTGTCCCTGCTCCACTCTTGTGTTCCTAACCCTGATCCTGACCCTAGGTCAACCAGATTCTCTTTCTCAGGAATGTTAAATCTGTATAGCGAGACTTAGCAGGGTAAATGGTGACAGGAGCTGTATAGTCCAACAGTACTACCCTTGAAAAACTGTCTGTGAATTACTACTTCTGAATTTTTTTATCAGTTAAGA,2
ATAATAGCTGAAGCTTTTAATTCTTTAATCCACCATGGAATGTTGCTTAATTACATATTTTATTATGCATAACTGAAAATTATGTACTTTAGTTTCAACAATGATATGAAAGCATGTATTGTTTATAAATAGAGACTGGTTTGTCTCTTTTTTTATATTACAAATATTTGTGGAATTCTCACATGTTCTCCTTCTAAAACTTGGCTT,2
AGCAATAATAGGATGGGGAGGTTTGTTACACAGGGAAACGGGTGCCATGGTGGTTTGCTGTACAGATTATCCCATCACCTAGGCATTAAGCCCAGCATCCATTAGCTGTTTTTCCTGATGCTTTTCTTCCCCCCACTCCCCCCTCTAGCAGGCCCAAGTGTGTGGTGTTTCCCACCATGTGTCCACGTGGGAACCAGATTCTTGCTGTGGG,2
ATAATAGCTCCCACCCCCAGAAGATACATGACCCAAGCCAGTTAGAGCCACATTTATGTATGTACTTAAGAAAGCAAAACAGATCAAATTACACATTTCAAAACATTAGCTCTGTACACTATAATCTTATGTGGGGTGATAATGATGACAATGGGAATCTGAGAATGGGGGAGGGGTTGAGAGAGGAGAAAAGAAGAAACTGGTCAG,2
ATAATAGTGGGGAGAGAGAGAAAACACTTTTTAAAATGTAAAAAACAATTTCTAATCCAAAAATAGAAAAGAGGAAAAAGGAAACAAAGAATACAAGCAAGAAATGGAAAAAAGATGATGGATTTAAACTCCACTATAGCTATCTTCATATTACAAGTAAATGATTTAAACAACCCAATTATAAGACAACTGCACATCTTGGCTCCT,2
ATAATAGGTAATCCCAGCACTGATAGGCCGAGGTGGGAGGATTTCTTGAGCCCAGGAGTTGGAGACCAGCCTGGGCGATACAGTGAGACCCTGTTTCTACAAGAAAAAATTTAAAATAGCTAGGTGTCGTGGTGTATGCCTGTGGTCACAGCTACTGAGGAAGCTGAGGTGGAAGGATCGCTTGAGCCCAGGAGTTTGAGGCTGCAG,2
AGCAATAATAGTCTCTGTGCTTCACTGTGGGAAGCCCTGTTCTATTGTTTGTATCCCCGTTTCTGATAAGGCTAAGTGTGCAGGCAGCTTCTCTAATTAAAGGTGGCTGCTTTGCAAACTACCGTTTCTCCTGACATTCCCCAAACTCTAGGTGGGACTGAAGCCCTTTATTAAAAACCTATGGCTATACTATTTATTTATTTATATGAGA,2
ATAATAGGCTCTCCTGCCTCCACTCCTCACACCAAGTAGTCACGACCTGCTAAAACCTCACCTCCAGGCCGGGCGCGGTGGCTCAGGCCTGTAATCCCAGCACTTTGGTAGGCCTAGGCAGGTGGATCACAAGGTCAGGAGATTGAGACCATCCTGGCTAACACGGTGAAACCCCGTCTCTACTAAAAAAAAAAAAAAATTAGCTGG,2
ATAATAGCTGTGGAAATCACCTGGCCTGGAGCTCCTCTCCCCGTCCACTCTCCTCTGGCCCTGTGCCTCCCAGAGACCATTGGACAGCCCAGGCCCCTTCGCCAAATCAAATGCTGGCCATGGCAAGCCTAGGCCCTGGGAAGTCTGAGGGTGGGATCCCAGATGCGCGGTCAGAGGACCCTGCAGGCTGGGAGCTCTCTCAGTCTG,2
ATAATAGATGATGGTGACAGGGTCTCTGCTGTCATTCTCATTTTATTGAGTTGACAGTGTGAAAAGATAATAAATCTTGAGACCCCCAAATCACTAAGCTAAAGGGAAAAGTCAAGCTGAGAACTGCTTAGGGCAAACTTCCATTCTATTCAGTCATCGCTCTGCTCATTGAGATAAATGCATATGTGACTGCTTCCTTTGGAAAGG,2
ATAATAGTACCTGCTCTGAATAGAAGCACTTTTGGCCCCCCTTGTCAAAGACTAGGGAAGAAAGCCCGCGCTCTGGTTGGCAGCAGTCTTGGATTCTCGCCCCCGGCCATACTGTGCAATCACGCTGTTTATTCCACTGTAACAATCAGACAGCGAGAGCAGAGCACCTGGTACTCCCCGGCCCGGGCCTTCCTTGGCAGCTGACGG,2
AGCAATAATAGGTGACCCTAATGTTTCAAGTCAAGCTACAAAGCTACCTTATTTTTGTTCTTACTGTCACTAAAGATACATCTAAAATTATAAAATAATTTCATGACAGTAGGTAAAGTAGAATCAGTTATTTTGGGAGACATTATCAATATTCAGCTGCAATAAAAAATTAATGGGTAAAAGCAATTCTGATGTATAATAAAGATTAACT,2
AGCAATAATAGAGTTTCCTGACCAAATGTTGTTCAAGAGAAAAGCTAGAAATCAGATACTGAGGTCACAAATGTTTTCAGCATTTCTAACTGTATATTTGATGTCCTATAACCTAGACCACACATTTTTAACTGCTAAAACTTAGGCAATTTTTATTACGGGATAATACTGACAGGATAAAAAGCAGTTTGAACAGCAAGCTGTCATTAGC,2
ATAATAGTTTATTTACTTATTTATTTACTCTGTCGCCCAGGCTGGAGTGCAGTGGCATGATCTCGGCTCACTGCAACCTCTGCCTCCCAGGTTCAAGCTATTCTTCTGCCTCAGCCTCAGCTTTGCAAACCTAGCCCAAGTAGCTGGGTTTACAAACATGTGCCATCACGCCCGACTAATTTTTATATTTTTGCTAGAGATGGGGTT,2
